game_id,game_type,source_game_type,reason
NAL194109210,AllStarGame,RegularSeason,NAL All Stars vs NNL All Stars; an all-star exhibition carrying info gametype regular in the Retrosheet box score file
MLS194110050,Exhibition,RegularSeason,Major League All Stars barnstorming against the Kansas City Monarchs after the 1941 season
TWA194110080,Exhibition,RegularSeason,Ted Williams All Stars barnstorming against the Eastern Colored Giants after the 1941 season
ECG194110191,Exhibition,RegularSeason,Eastern Colored Giants vs Pirrone All Stars; California winter barnstorming
PIR194110260,Exhibition,RegularSeason,Pirrone All Stars vs Eastern Colored Giants; California winter barnstorming
PRG194210111,Exhibition,RegularSeason,Philadelphia Royal Giants vs Pirrone All Stars; California winter barnstorming
PRG194210112,Exhibition,RegularSeason,Philadelphia Royal Giants vs Pirrone All Stars; California winter barnstorming
PRG194210181,Exhibition,RegularSeason,Philadelphia Royal Giants vs Pirrone All Stars; California winter barnstorming
PRG194210182,Exhibition,RegularSeason,Philadelphia Royal Giants vs Pirrone All Stars; California winter barnstorming
PRK194211220,Exhibition,RegularSeason,Parker All Stars vs Philadelphia Royal Giants; California winter barnstorming
